<?xml version="1.0" encoding="utf-8"?>
<PaintProgramsMap xmlns:xsd="http://www.w3.org/2001/XMLSchema" xmlns:xsi="http://www.w3.org/2001/XMLSchema-instance">
  <Programs>
    <Program Name="Homepos" Number="10001">
      <Libraries />
      <Modules />
      <WorkObjects />
    </Program>
    <Program Name="MCpos" Number="10002">
      <Libraries />
      <Modules />
      <WorkObjects />
    </Program>
    <Program Name="Program1" Number="1">
      <Libraries />
      <Modules>
        <ModuleInfo Name="m1">
          <Procedures />
        </ModuleInfo>
      </Modules>
      <WorkObjects />
      <SprayFan>Fan_1.csv</SprayFan>
    </Program>
    <Program Name="Program2" Number="2">
      <Libraries />
      <Modules>
        <ModuleInfo Name="m2">
          <Procedures />
        </ModuleInfo>
      </Modules>
      <WorkObjects />
      <SprayFan>Fan_1.csv</SprayFan>
    </Program>
    <Program Name="Program3" Number="3">
      <Libraries />
      <Modules>
        <ModuleInfo Name="m3">
          <Procedures />
        </ModuleInfo>
      </Modules>
      <WorkObjects />
      <SprayFan>Fan_1.csv</SprayFan>
    </Program>
    <Program Name="Program4" Number="4">
      <Libraries />
      <Modules>
        <ModuleInfo Name="m4">
          <Procedures />
        </ModuleInfo>
      </Modules>
      <WorkObjects />
      <SprayFan>Fan_1.csv</SprayFan>
    </Program>
    <Program Name="Program5" Number="5">
      <Libraries />
      <Modules>
        <ModuleInfo Name="m5">
          <Procedures />
        </ModuleInfo>
      </Modules>
      <WorkObjects />
      <SprayFan>Fan_1.csv</SprayFan>
    </Program>
    <Program Name="Program6" Number="6">
      <Libraries />
      <Modules>
        <ModuleInfo Name="m6">
          <Procedures />
        </ModuleInfo>
      </Modules>
      <WorkObjects />
      <SprayFan>Fan_1.csv</SprayFan>
    </Program>
    <Program Name="Program7" Number="7">
      <Libraries />
      <Modules>
        <ModuleInfo Name="m7">
          <Procedures />
        </ModuleInfo>
      </Modules>
      <WorkObjects />
      <SprayFan>Fan_1.csv</SprayFan>
    </Program>
  </Programs>
</PaintProgramsMap>