<?xml version='1.0' encoding='UTF-8'?>
<system creation-date="2023-10-20 21:49:05.741000" desc="" enable="False" id="303E8E22-B28C-4C29-82ED-B04678457414" last-modified-date="" name="IRB5510_12A_1100_1500_1"><applications><application name="RobotWare" version="6.15.4023"><settings><system-xml path="C:\Users\david\OneDrive\Documentos\RobotStudio\Projects\Project_prueba\Virtual Controllers\IRB5510_12A_1100_1500_1\system.xml" /><key-id path="C:\Users\david\OneDrive\Documentos\RobotStudio\Projects\Project_prueba\Virtual Controllers\IRB5510_12A_1100_1500_1\INTERNAL\key.id" /><setting-file path="C:\Users\david\OneDrive\Documentos\RobotStudio\Projects\Project_prueba\Virtual Controllers\IRB5510_12A_1100_1500_1\INTERNAL\controller.rsf" /></settings></application></applications></system>