<?xml version="1.0" encoding="utf-8"?>
<SystemProperties>
  <SystemName>IRB5510_12A_1100_1500_1</SystemName>
  <SerialNo>VIRTUAL_USE</SerialNo>
  <UsedMedia>
    <Media path="C:\Users\david\AppData\Local\ABB\RobotWare\RobotWare_6.15.4023" name="RobotWare" version="6.15.4023">
    </Media>
  </UsedMedia>
  <ControlModule>
    <Option descr="RobotWare Base">
    </Option>
    <Option descr="English">
    </Option>
    <Option descr="608-1 World Zones">
    </Option>
    <Option descr="623-1 Multitasking">
    </Option>
    <Option descr="610-1 Independent Axis">
    </Option>
    <Option descr="Auto acknowledge input">
    </Option>
    <Option descr="616-1 PC Interface">
    </Option>
  </ControlModule>
  <DriveModule>
    <Name>Robot1</Name>
    <Option descr="Drive System IRB 7600/8700/5500">
    </Option>
    <Option descr="ADU-790A in position X3">
    </Option>
    <Option descr="ADU-790A in position Y3">
    </Option>
    <Option descr="ADU-790A in position Z3">
    </Option>
    <Option descr="PaintWare">
    </Option>
    <Option descr="IRB5510,12_A_1100_1500,b00">
    </Option>
  </DriveModule>
</SystemProperties>