<?xml version = "1.0" encoding="utf-8" ?>
<cfgrules_registry xmlns="urn:abb-robotics-registry-cfg-rules">
<entry domain="EIO" prepath="C:/Users/david/AppData/Local/ABB/RobotWare/RobotWare_6.15.4023/rules/cfg/" postpath="cir_eio_cfgrules.xml"/>
<entry domain="MOC" prepath="C:/Users/david/AppData/Local/ABB/RobotWare/RobotWare_6.15.4023/rules/cfg/" postpath="moc_cfgrules.xml"/>
<entry domain="EIO" prepath="C:/Users/david/AppData/Local/ABB/RobotWare/RobotWare_6.15.4023/rules/cfg/" postpath="eio_cfgrules.xml"/>
<entry domain="SIO" prepath="C:/Users/david/AppData/Local/ABB/RobotWare/RobotWare_6.15.4023/rules/cfg/" postpath="sio_cfgrules.xml"/>
<entry domain="SIO" prepath="C:/Users/david/AppData/Local/ABB/RobotWare/RobotWare_6.15.4023/rules/cfg/" postpath="sio_net_cfgrules.xml"/>
<entry domain="SYS" prepath="C:/Users/david/AppData/Local/ABB/RobotWare/RobotWare_6.15.4023/rules/cfg/" postpath="cir_sys_cfgrules.xml"/>
<entry domain="DBG" prepath="C:/Users/david/AppData/Local/ABB/RobotWare/RobotWare_6.15.4023/rules/cfg/" postpath="dbg_cfgrules.xml"/>
<entry domain="MMC" prepath="C:/Users/david/AppData/Local/ABB/RobotWare/RobotWare_6.15.4023/rules/cfg/" postpath="cir_mmc_cfgrules.xml"/>
<entry domain="EIO" prepath="C:/Users/david/AppData/Local/ABB/RobotWare/RobotWare_6.15.4023/options/enms" postpath="/en_base_cfgrules.xml"/>
<entry domain="EIO" prepath="C:/Users/david/AppData/Local/ABB/RobotWare/RobotWare_6.15.4023/options/ici/rules/" postpath="/ici_cfgrules.xml"/>
<entry domain="SIO" prepath="C:/Users/david/AppData/Local/ABB/RobotWare/RobotWare_6.15.4023/options/rse/" postpath="rse_cfgrules.xml"/>
<entry domain="SYS" prepath="C:/Users/david/AppData/Local/ABB/RobotWare/RobotWare_6.15.4023/options/mt/" postpath="cir_sys_mt_cfgrules.xml"/>
<entry domain="PROC" prepath="C:/Users/david/AppData/Local/ABB/RobotWare/RobotWare_6.15.4023/options/pnt/pntkernel/rules/" postpath="/proc_pnt_cfgrules.xml"/>
<entry domain="PROC" prepath="C:/Users/david/AppData/Local/ABB/RobotWare/RobotWare_6.15.4023/options/pnt/pntservices/rules/" postpath="pntloop_cfgrules.xml"/>
<entry domain="PROC" prepath="C:/Users/david/AppData/Local/ABB/RobotWare/RobotWare_6.15.4023/options/pnt/pntservices/rules/" postpath="pntprot_cfgrules.xml"/>
</cfgrules_registry>