<?xml version = "1.0" encoding="utf-8" ?>
<cfgtext_registry xmlns="urn:abb-robotics-registry-cfg-text">
<entry domain="EIO" prepath="C:/Users/david/AppData/Local/ABB/RobotWare/RobotWare_6.15.4023/language/install/../" postpath="/controller/cfg/cir_eio_cfgtext.xml"/>
<entry domain="EIO" prepath="C:/Users/david/AppData/Local/ABB/RobotWare/RobotWare_6.15.4023/language/install/../" postpath="/controller/cfg/eio_cfgtext.xml"/>
<entry domain="SIO" prepath="C:/Users/david/AppData/Local/ABB/RobotWare/RobotWare_6.15.4023/language/install/../" postpath="/controller/cfg/sio_cfgtext.xml"/>
<entry domain="SIO" prepath="C:/Users/david/AppData/Local/ABB/RobotWare/RobotWare_6.15.4023/language/install/../" postpath="/controller/cfg/sio_net_cfgtext.xml"/>
<entry domain="SYS" prepath="C:/Users/david/AppData/Local/ABB/RobotWare/RobotWare_6.15.4023/language/install/../" postpath="/controller/cfg/cir_sys_cfgtext.xml"/>
<entry domain="DBG" prepath="C:/Users/david/AppData/Local/ABB/RobotWare/RobotWare_6.15.4023/language/install/../" postpath="/controller/cfg/dbg_cfgtext.xml"/>
<entry domain="MOC" prepath="C:/Users/david/AppData/Local/ABB/RobotWare/RobotWare_6.15.4023/language/install/../" postpath="/controller/cfg/moc_cfgtext.xml"/>
<entry domain="MMC" prepath="C:/Users/david/AppData/Local/ABB/RobotWare/RobotWare_6.15.4023/language/install/../" postpath="/controller/cfg/cir_mmc_cfgtext.xml"/>
<entry domain="EIO" prepath="C:/Users/david/AppData/Local/ABB/RobotWare/RobotWare_6.15.4023/options/enms/language/" postpath="/en_cfgtext.xml"/>
<entry domain="EIO" prepath="C:/Users/david/AppData/Local/ABB/RobotWare/RobotWare_6.15.4023/options/ici/language/" postpath="/ici_cfgtext.xml"/>
<entry domain="SIO" prepath="C:/Users/david/AppData/Local/ABB/RobotWare/RobotWare_6.15.4023/options/rse/language/" postpath="/rse_cfgtext.xml"/>
<entry domain="SYS" prepath="C:/Users/david/AppData/Local/ABB/RobotWare/RobotWare_6.15.4023/options/mt/language/" postpath="/cir_sys_mt_cfgtext.xml"/>
<entry domain="PROC" prepath="C:/Users/david/AppData/Local/ABB/RobotWare/RobotWare_6.15.4023/options/pnt/pntkernel/language/" postpath="/proc_pnt_cfgtext.xml"/>
<entry domain="PROC" prepath="C:/Users/david/AppData/Local/ABB/RobotWare/RobotWare_6.15.4023/options/pnt/pntservices/language/" postpath="/pntloop_cfgtext.xml"/>
<entry domain="PROC" prepath="C:/Users/david/AppData/Local/ABB/RobotWare/RobotWare_6.15.4023/options/pnt/pntservices/language/" postpath="/pntprot_cfgtext.xml"/>
</cfgtext_registry>